text,recognized_entities,training_time,recall,precision,f1_score
"No individual service or system running on the wired/wireless network should use more than 10 gigabytes of per day, regardless of whether it is inbound or outbound over the commodity network link","@target,@service,@qos_value,@qos_unit,@qos_metric,@qos_constraint,",14.235266923904419,1.0,0.8888888888888888,0.9411764705882353
"You may not run FTP, telnet, peer-to-peer, HTTP, IRC, DNS and mail servers on ResNet or UIC wireless-connected devices","@traffic,@operation,@protocol,@target,@service,",14.235266923904419,1.0,1.0,1.0
Guests' network is rate-limited to 5 Mb/s per user,"@qos_unit,@qos_metric,@qos_value,@target,",14.235266923904419,1.0,1.0,1.0
Internet is limited to 3 Mbps per host,"@qos_unit,@qos_metric,@qos_value,@target,",14.235266923904419,1.0,1.0,1.0
The system will trigger an overuse notification if the  average for either inbound or outbound usage exceeds 10 GB per week,"@qos_unit,@qos_constraint,@operation,@qos_value,",14.235266923904419,0.375,0.5,0.42857142857142855
CounterStrike server is blocked by the University firewall,"@operation,@target,@service,@middlebox,",14.235266923904419,1.0,1.0,1.0
